"column_name","pandas_dtype","null_count","unique_count"
"CLAIM_KEY","str","0","514225"
"CLAIM_ID","string","0","514225"
"CLAIM_TYPE","string","0","3"
"BENE_ID","string","0","8715"
"POLICY_ID","string","0","8715"
"PLAN_ID","str","0","3"
"PRIMARY_PROVIDER_ID","string","0","13136"
"CLAIM_FROM_DATE","datetime64[us]","0","2922"
"CLAIM_THRU_DATE","datetime64[us]","0","2919"
"SUBMISSION_DATE","datetime64[us]","0","2925"
"DECISION_DATE","datetime64[us]","71408","2936"
"PAYMENT_DATE","datetime64[us]","150384","2940"
"CLAIM_STATUS","str","0","5"
"DENIAL_REASON","string","475553","4"
"PAYMENT_STATUS","str","0","4"
"DOCUMENTS_COMPLETE_FLAG","bool","0","2"
"POLICY_ACTIVE_FLAG","bool","0","2"
"TREATMENT_COVERED_FLAG","bool","0","2"
"WAITING_PERIOD_FLAG","bool","0","2"
"PREAUTH_REQUIRED_FLAG","bool","0","2"
"PREAUTH_STATUS","str","0","4"
"BILLED_AMOUNT","Float64","0","159810"
"ELIGIBLE_AMOUNT","Float64","0","174674"
"DEDUCTIBLE_AMOUNT","Float64","0","36534"
"COPAY_AMOUNT","Float64","0","53489"
"NON_PAYABLE_AMOUNT","Float64","0","98071"
"ADJUSTMENT_AMOUNT","float64","0","35583"
"APPROVED_AMOUNT","Float64","0","138825"
"PAID_AMOUNT","Float64","0","132568"
"SOURCE_CMS_PAYMENT_AMOUNT","Float64","0","155990"
"TURNAROUND_DAYS","int64","0","2937"
"SLA_TARGET_DAYS","Int64","0","3"
"SLA_BREACH_FLAG","boolean","0","2"
"MANUAL_REVIEW_FLAG","bool","0","2"
"DUPLICATE_INDICATOR","bool","0","2"
"HIGH_COST_FLAG","boolean","0","2"
"PROVIDER_RISK_SCORE","float64","0","1000"
"FRAUD_ALERT_FLAG","bool","0","2"
"ESTIMATED_LEAKAGE_AMOUNT","float64","0","22625"
"REVIEW_PRIORITY","str","0","4"
"QUEUE_NAME","str","0","4"
"ADJUSTER_ID","str","0","30"
"ANALYSIS_DATE","datetime64[us]","0","1"
"DATA_PROVENANCE","str","0","1"
