CLAIM_TYPE,CLAIM_STATUS,FULL_ROWS,SAMPLE_ROWS,FULL_PERCENTAGE,SAMPLE_PERCENTAGE
CARRIER,APPROVED,61382,5968,11.94,11.94
CARRIER,MANUAL_REVIEW,4948,481,0.96,0.96
CARRIER,PARTIALLY_APPROVED,10793,1049,2.1,2.1
CARRIER,PENDING,7353,715,1.43,1.43
CARRIER,REJECTED,6229,606,1.21,1.21
INPATIENT,APPROVED,12978,1262,2.52,2.52
INPATIENT,MANUAL_REVIEW,1211,118,0.24,0.24
INPATIENT,PARTIALLY_APPROVED,2226,216,0.43,0.43
INPATIENT,PENDING,2241,218,0.44,0.44
INPATIENT,REJECTED,2211,215,0.43,0.43
OUTPATIENT,APPROVED,269614,26215,52.43,52.43
OUTPATIENT,MANUAL_REVIEW,20938,2036,4.07,4.07
OUTPATIENT,PARTIALLY_APPROVED,47152,4585,9.17,9.17
OUTPATIENT,PENDING,34717,3376,6.75,6.75
OUTPATIENT,REJECTED,30232,2940,5.88,5.88
