dataset_name,column_name,sample_dtype,sample_row_count,missing_count,missing_percentage,unique_count,example_values
beneficiary_2023,BENE_ID,string,5000,0,0.0,5000,-10000010254618 | -10000010254647 | -10000010254653
beneficiary_2023,STATE_CODE,string,5000,0,0.0,32,01 | 02 | 03
beneficiary_2023,COUNTY_CD,string,5000,0,0.0,926,1500 | 1410 | 1400
beneficiary_2023,ZIP_CD,string,5000,0,0.0,2945,36109 | 35756 | 36801
beneficiary_2023,BENE_BIRTH_DT,string,5000,0,0.0,4452,16-Aug-1999 | 14-Aug-1990 | 18-Mar-1982
beneficiary_2023,SEX_IDENT_CD,string,5000,0,0.0,2,1 | 2
beneficiary_2023,BENE_RACE_CD,string,5000,0,0.0,6,1 | 2 | 4
beneficiary_2023,ENTLMT_RSN_ORIG,string,5000,0,0.0,4,1 | 0 | 2
beneficiary_2023,ENTLMT_RSN_CURR,string,5000,0,0.0,4,1 | 0 | 2
beneficiary_2023,ESRD_IND,string,5000,0,0.0,2,0 | Y
beneficiary_2023,BENE_PTA_TRMNTN_CD,string,5000,0,0.0,1,0
beneficiary_2023,BENE_PTB_TRMNTN_CD,string,5000,0,0.0,1,0
beneficiary_2023,BENE_DEATH_DT,string,5000,5000,100.0,0,
beneficiary_2023,BENE_ENROLLMT_REF_YR,string,5000,0,0.0,1,2023
beneficiary_2023,BENE_HI_CVRAGE_TOT_MONS,string,5000,0,0.0,1,12
beneficiary_2023,BENE_SMI_CVRAGE_TOT_MONS,string,5000,0,0.0,1,12
beneficiary_2023,BENE_STATE_BUYIN_TOT_MONS,string,5000,0,0.0,1,12
beneficiary_2023,BENE_HMO_CVRAGE_TOT_MONS,string,5000,0,0.0,1,0
beneficiary_2023,RDS_CVRG_MONS,string,5000,0,0.0,4,0 | 12 | 2
beneficiary_2023,ENRL_SRC,string,5000,0,0.0,1,CME
beneficiary_2023,SAMPLE_GROUP,string,5000,5000,100.0,0,
beneficiary_2023,ENHANCED_FIVE_PERCENT_FLAG,string,5000,0,0.0,1, 
beneficiary_2023,CRNT_BIC_CD,string,5000,0,0.0,22,C1 | A | T
beneficiary_2023,AGE_AT_END_REF_YR,string,5000,0,0.0,112,24 | 33 | 41
beneficiary_2023,COVSTART,string,5000,0,0.0,3996,08-Sep-1999 | 06-Feb-2014 | 25-Jan-1984
beneficiary_2023,DUAL_ELGBL_MONS,string,5000,0,0.0,1,0
beneficiary_2023,STATE_CNTY_FIPS_CD_01,string,5000,843,16.86,852,1101 | 1083 | 1081
beneficiary_2023,STATE_CNTY_FIPS_CD_02,string,5000,843,16.86,852,1101 | 1083 | 1081
beneficiary_2023,STATE_CNTY_FIPS_CD_03,string,5000,843,16.86,852,1101 | 1083 | 1081
beneficiary_2023,STATE_CNTY_FIPS_CD_04,string,5000,843,16.86,852,1101 | 1083 | 1081
beneficiary_2023,STATE_CNTY_FIPS_CD_05,string,5000,843,16.86,852,1101 | 1083 | 1081
beneficiary_2023,STATE_CNTY_FIPS_CD_06,string,5000,843,16.86,852,1101 | 1083 | 1081
beneficiary_2023,STATE_CNTY_FIPS_CD_07,string,5000,843,16.86,852,1101 | 1083 | 1081
beneficiary_2023,STATE_CNTY_FIPS_CD_08,string,5000,843,16.86,852,1101 | 1083 | 1081
beneficiary_2023,STATE_CNTY_FIPS_CD_09,string,5000,843,16.86,852,1101 | 1083 | 1081
beneficiary_2023,STATE_CNTY_FIPS_CD_10,string,5000,843,16.86,852,1101 | 1083 | 1081
beneficiary_2023,STATE_CNTY_FIPS_CD_11,string,5000,843,16.86,852,1101 | 1083 | 1081
beneficiary_2023,STATE_CNTY_FIPS_CD_12,string,5000,843,16.86,852,1101 | 1083 | 1081
beneficiary_2023,VALID_DEATH_DT_SW,string,5000,5000,100.0,0,
beneficiary_2023,RTI_RACE_CD,string,5000,0,0.0,6,1 | 2 | 4
beneficiary_2023,MDCR_STATUS_CODE_01,string,5000,0,0.0,5,20 | 10 | 31
beneficiary_2023,MDCR_STATUS_CODE_02,string,5000,0,0.0,5,20 | 10 | 31
beneficiary_2023,MDCR_STATUS_CODE_03,string,5000,0,0.0,5,20 | 10 | 31
beneficiary_2023,MDCR_STATUS_CODE_04,string,5000,0,0.0,5,20 | 10 | 31
beneficiary_2023,MDCR_STATUS_CODE_05,string,5000,0,0.0,5,20 | 10 | 31
beneficiary_2023,MDCR_STATUS_CODE_06,string,5000,0,0.0,5,20 | 10 | 31
beneficiary_2023,MDCR_STATUS_CODE_07,string,5000,0,0.0,5,20 | 10 | 31
beneficiary_2023,MDCR_STATUS_CODE_08,string,5000,0,0.0,5,20 | 10 | 31
beneficiary_2023,MDCR_STATUS_CODE_09,string,5000,0,0.0,5,20 | 10 | 31
beneficiary_2023,MDCR_STATUS_CODE_10,string,5000,0,0.0,5,20 | 10 | 31
beneficiary_2023,MDCR_STATUS_CODE_11,string,5000,0,0.0,5,20 | 10 | 31
beneficiary_2023,MDCR_STATUS_CODE_12,string,5000,0,0.0,5,20 | 10 | 31
beneficiary_2023,PTD_PLAN_CVRG_MONS,string,5000,0,0.0,13,12 | 0 | 5
beneficiary_2023,MDCR_ENTLMT_BUYIN_IND_01,string,5000,0,0.0,3,3 | C | 1
beneficiary_2023,MDCR_ENTLMT_BUYIN_IND_02,string,5000,0,0.0,3,3 | C | 1
beneficiary_2023,MDCR_ENTLMT_BUYIN_IND_03,string,5000,0,0.0,3,3 | C | 1
beneficiary_2023,MDCR_ENTLMT_BUYIN_IND_04,string,5000,0,0.0,3,3 | C | 1
beneficiary_2023,MDCR_ENTLMT_BUYIN_IND_05,string,5000,0,0.0,3,3 | C | 1
beneficiary_2023,MDCR_ENTLMT_BUYIN_IND_06,string,5000,0,0.0,3,3 | C | 1
beneficiary_2023,MDCR_ENTLMT_BUYIN_IND_07,string,5000,0,0.0,3,3 | C | 1
beneficiary_2023,MDCR_ENTLMT_BUYIN_IND_08,string,5000,0,0.0,3,3 | C | 1
beneficiary_2023,MDCR_ENTLMT_BUYIN_IND_09,string,5000,0,0.0,3,3 | C | 1
beneficiary_2023,MDCR_ENTLMT_BUYIN_IND_10,string,5000,0,0.0,3,3 | C | 1
beneficiary_2023,MDCR_ENTLMT_BUYIN_IND_11,string,5000,0,0.0,3,3 | C | 1
beneficiary_2023,MDCR_ENTLMT_BUYIN_IND_12,string,5000,0,0.0,3,3 | C | 1
beneficiary_2023,HMO_IND_01,string,5000,5000,100.0,0,
beneficiary_2023,HMO_IND_02,string,5000,5000,100.0,0,
beneficiary_2023,HMO_IND_03,string,5000,5000,100.0,0,
beneficiary_2023,HMO_IND_04,string,5000,5000,100.0,0,
beneficiary_2023,HMO_IND_05,string,5000,5000,100.0,0,
beneficiary_2023,HMO_IND_06,string,5000,5000,100.0,0,
beneficiary_2023,HMO_IND_07,string,5000,5000,100.0,0,
beneficiary_2023,HMO_IND_08,string,5000,5000,100.0,0,
beneficiary_2023,HMO_IND_09,string,5000,5000,100.0,0,
beneficiary_2023,HMO_IND_10,string,5000,5000,100.0,0,
beneficiary_2023,HMO_IND_11,string,5000,5000,100.0,0,
beneficiary_2023,HMO_IND_12,string,5000,5000,100.0,0,
beneficiary_2023,PTC_CNTRCT_ID_01,string,5000,2048,40.96,10,Y0008 | Y0003 | Y0006
beneficiary_2023,PTC_CNTRCT_ID_02,string,5000,2048,40.96,10,Y0008 | Y0003 | Y0006
beneficiary_2023,PTC_CNTRCT_ID_03,string,5000,2040,40.8,10,Y0008 | Y0003 | Y0006
beneficiary_2023,PTC_CNTRCT_ID_04,string,5000,2034,40.68,10,Y0008 | Y0003 | Y0006
beneficiary_2023,PTC_CNTRCT_ID_05,string,5000,2033,40.66,10,Y0008 | Y0003 | Y0006
beneficiary_2023,PTC_CNTRCT_ID_06,string,5000,2035,40.7,10,Y0008 | Y0003 | Y0006
beneficiary_2023,PTC_CNTRCT_ID_07,string,5000,2044,40.88,10,Y0008 | Y0003 | Y0006
beneficiary_2023,PTC_CNTRCT_ID_08,string,5000,2037,40.74,10,Y0008 | Y0003 | Y0006
beneficiary_2023,PTC_CNTRCT_ID_09,string,5000,2035,40.7,10,Y0008 | Y0003 | Y0006
beneficiary_2023,PTC_CNTRCT_ID_10,string,5000,2034,40.68,10,Y0008 | Y0003 | Y0006
beneficiary_2023,PTC_CNTRCT_ID_11,string,5000,2030,40.6,10,Y0008 | Y0003 | Y0006
beneficiary_2023,PTC_CNTRCT_ID_12,string,5000,2033,40.66,10,Y0008 | Y0003 | Y0006
beneficiary_2023,PTC_PBP_ID_01,string,5000,2048,40.96,5,803 | 801 | 802
beneficiary_2023,PTC_PBP_ID_02,string,5000,2048,40.96,5,803 | 801 | 802
beneficiary_2023,PTC_PBP_ID_03,string,5000,2040,40.8,5,803 | 801 | 802
beneficiary_2023,PTC_PBP_ID_04,string,5000,2034,40.68,5,803 | 801 | 802
beneficiary_2023,PTC_PBP_ID_05,string,5000,2033,40.66,5,803 | 801 | 802
beneficiary_2023,PTC_PBP_ID_06,string,5000,2035,40.7,5,803 | 801 | 802
beneficiary_2023,PTC_PBP_ID_07,string,5000,2044,40.88,5,803 | 801 | 802
beneficiary_2023,PTC_PBP_ID_08,string,5000,2037,40.74,5,803 | 801 | 802
beneficiary_2023,PTC_PBP_ID_09,string,5000,2035,40.7,5,803 | 801 | 802
beneficiary_2023,PTC_PBP_ID_10,string,5000,2034,40.68,5,803 | 801 | 802
beneficiary_2023,PTC_PBP_ID_11,string,5000,2030,40.6,5,803 | 801 | 802
beneficiary_2023,PTC_PBP_ID_12,string,5000,2033,40.66,5,803 | 801 | 802
beneficiary_2023,PTC_PLAN_TYPE_CD_01,string,5000,5000,100.0,0,
beneficiary_2023,PTC_PLAN_TYPE_CD_02,string,5000,5000,100.0,0,
beneficiary_2023,PTC_PLAN_TYPE_CD_03,string,5000,5000,100.0,0,
beneficiary_2023,PTC_PLAN_TYPE_CD_04,string,5000,5000,100.0,0,
beneficiary_2023,PTC_PLAN_TYPE_CD_05,string,5000,5000,100.0,0,
beneficiary_2023,PTC_PLAN_TYPE_CD_06,string,5000,5000,100.0,0,
beneficiary_2023,PTC_PLAN_TYPE_CD_07,string,5000,5000,100.0,0,
beneficiary_2023,PTC_PLAN_TYPE_CD_08,string,5000,5000,100.0,0,
beneficiary_2023,PTC_PLAN_TYPE_CD_09,string,5000,5000,100.0,0,
beneficiary_2023,PTC_PLAN_TYPE_CD_10,string,5000,5000,100.0,0,
beneficiary_2023,PTC_PLAN_TYPE_CD_11,string,5000,5000,100.0,0,
beneficiary_2023,PTC_PLAN_TYPE_CD_12,string,5000,5000,100.0,0,
beneficiary_2023,PTD_CNTRCT_ID_01,string,5000,1465,29.3,11,Z0004 | Z0006 | 0
beneficiary_2023,PTD_CNTRCT_ID_02,string,5000,1475,29.5,11,Z0004 | Z0006 | 0
beneficiary_2023,PTD_CNTRCT_ID_03,string,5000,1472,29.44,11,Z0004 | Z0006 | Z0001
beneficiary_2023,PTD_CNTRCT_ID_04,string,5000,1477,29.54,11,Z0004 | Z0006 | Z0001
beneficiary_2023,PTD_CNTRCT_ID_05,string,5000,1479,29.58,11,Z0004 | Z0006 | Z0001
beneficiary_2023,PTD_CNTRCT_ID_06,string,5000,1483,29.66,11,Z0004 | Z0006 | Z0001
beneficiary_2023,PTD_CNTRCT_ID_07,string,5000,1477,29.54,11,Z0004 | Z0006 | Z0001
beneficiary_2023,PTD_CNTRCT_ID_08,string,5000,1477,29.54,11,Z0004 | Z0006 | Z0001
beneficiary_2023,PTD_CNTRCT_ID_09,string,5000,1486,29.72,11,Z0004 | Z0006 | Z0001
beneficiary_2023,PTD_CNTRCT_ID_10,string,5000,1499,29.98,11,Z0004 | Z0006 | Z0001
beneficiary_2023,PTD_CNTRCT_ID_11,string,5000,1507,30.14,11,Z0004 | Z0006 | Z0001
beneficiary_2023,PTD_CNTRCT_ID_12,string,5000,1512,30.24,10,Z0004 | Z0006 | Z0001
beneficiary_2023,PTD_PBP_ID_01,string,5000,1646,32.92,5,804 | 800 | 801
beneficiary_2023,PTD_PBP_ID_02,string,5000,1641,32.82,5,804 | 800 | 801
beneficiary_2023,PTD_PBP_ID_03,string,5000,1626,32.52,5,804 | 800 | 803
beneficiary_2023,PTD_PBP_ID_04,string,5000,1618,32.36,5,804 | 800 | 803
beneficiary_2023,PTD_PBP_ID_05,string,5000,1604,32.08,5,804 | 800 | 803
beneficiary_2023,PTD_PBP_ID_06,string,5000,1595,31.9,5,804 | 800 | 803
beneficiary_2023,PTD_PBP_ID_07,string,5000,1577,31.54,5,804 | 800 | 803
beneficiary_2023,PTD_PBP_ID_08,string,5000,1560,31.2,5,804 | 800 | 803
beneficiary_2023,PTD_PBP_ID_09,string,5000,1551,31.02,5,804 | 800 | 803
beneficiary_2023,PTD_PBP_ID_10,string,5000,1541,30.82,5,804 | 800 | 803
beneficiary_2023,PTD_PBP_ID_11,string,5000,1521,30.42,5,804 | 800 | 803
beneficiary_2023,PTD_PBP_ID_12,string,5000,1512,30.24,5,804 | 800 | 803
beneficiary_2023,PTD_SGMT_ID_01,string,5000,1646,32.92,1,000
beneficiary_2023,PTD_SGMT_ID_02,string,5000,1641,32.82,1,000
beneficiary_2023,PTD_SGMT_ID_03,string,5000,1626,32.52,1,000
beneficiary_2023,PTD_SGMT_ID_04,string,5000,1618,32.36,1,000
beneficiary_2023,PTD_SGMT_ID_05,string,5000,1604,32.08,1,000
beneficiary_2023,PTD_SGMT_ID_06,string,5000,1595,31.9,1,000
beneficiary_2023,PTD_SGMT_ID_07,string,5000,1577,31.54,1,000
beneficiary_2023,PTD_SGMT_ID_08,string,5000,1560,31.2,1,000
beneficiary_2023,PTD_SGMT_ID_09,string,5000,1551,31.02,1,000
beneficiary_2023,PTD_SGMT_ID_10,string,5000,1541,30.82,1,000
beneficiary_2023,PTD_SGMT_ID_11,string,5000,1521,30.42,1,000
beneficiary_2023,PTD_SGMT_ID_12,string,5000,1512,30.24,1,000
beneficiary_2023,RDS_IND_01,string,5000,1465,29.3,3,N | 0 | Y
beneficiary_2023,RDS_IND_02,string,5000,1475,29.5,3,N | 0 | Y
beneficiary_2023,RDS_IND_03,string,5000,1472,29.44,3,N | 0 | Y
beneficiary_2023,RDS_IND_04,string,5000,1477,29.54,3,N | 0 | Y
beneficiary_2023,RDS_IND_05,string,5000,1479,29.58,3,N | 0 | Y
beneficiary_2023,RDS_IND_06,string,5000,1483,29.66,3,N | 0 | Y
beneficiary_2023,RDS_IND_07,string,5000,1477,29.54,3,N | 0 | Y
beneficiary_2023,RDS_IND_08,string,5000,1477,29.54,3,N | 0 | Y
beneficiary_2023,RDS_IND_09,string,5000,1486,29.72,3,N | 0 | Y
beneficiary_2023,RDS_IND_10,string,5000,1499,29.98,3,N | 0 | Y
beneficiary_2023,RDS_IND_11,string,5000,1507,30.14,3,N | 0 | Y
beneficiary_2023,RDS_IND_12,string,5000,1512,30.24,2,N | Y
beneficiary_2023,DUAL_STUS_CD_01,string,5000,3633,72.66,9,08 | 00 | 02
beneficiary_2023,DUAL_STUS_CD_02,string,5000,3644,72.88,9,08 | 00 | 02
beneficiary_2023,DUAL_STUS_CD_03,string,5000,3652,73.04,9,08 | 02 | 03
beneficiary_2023,DUAL_STUS_CD_04,string,5000,3664,73.28,9,08 | 02 | 03
beneficiary_2023,DUAL_STUS_CD_05,string,5000,3678,73.56,9,08 | 02 | 03
beneficiary_2023,DUAL_STUS_CD_06,string,5000,3685,73.7,9,08 | 02 | 03
beneficiary_2023,DUAL_STUS_CD_07,string,5000,3695,73.9,9,08 | 02 | 03
beneficiary_2023,DUAL_STUS_CD_08,string,5000,3710,74.2,9,08 | 02 | 03
beneficiary_2023,DUAL_STUS_CD_09,string,5000,3723,74.46,9,08 | 02 | 03
beneficiary_2023,DUAL_STUS_CD_10,string,5000,3742,74.84,9,08 | 02 | 03
beneficiary_2023,DUAL_STUS_CD_11,string,5000,3759,75.18,9,08 | 02 | 03
beneficiary_2023,DUAL_STUS_CD_12,string,5000,3771,75.42,8,08 | 02 | 03
beneficiary_2023,CST_SHR_GRP_CD_01,string,5000,0,0.0,5,02 | 01 | 00
beneficiary_2023,CST_SHR_GRP_CD_02,string,5000,0,0.0,5,02 | 01 | 00
beneficiary_2023,CST_SHR_GRP_CD_03,string,5000,0,0.0,5,02 | 01 | 00
beneficiary_2023,CST_SHR_GRP_CD_04,string,5000,0,0.0,5,02 | 01 | 00
beneficiary_2023,CST_SHR_GRP_CD_05,string,5000,0,0.0,5,02 | 01 | 00
beneficiary_2023,CST_SHR_GRP_CD_06,string,5000,0,0.0,5,02 | 01 | 00
beneficiary_2023,CST_SHR_GRP_CD_07,string,5000,0,0.0,5,02 | 01 | 00
beneficiary_2023,CST_SHR_GRP_CD_08,string,5000,0,0.0,5,02 | 01 | 00
beneficiary_2023,CST_SHR_GRP_CD_09,string,5000,0,0.0,5,02 | 01 | 00
beneficiary_2023,CST_SHR_GRP_CD_10,string,5000,0,0.0,5,02 | 01 | 00
beneficiary_2023,CST_SHR_GRP_CD_11,string,5000,0,0.0,5,02 | 01 | 00
beneficiary_2023,CST_SHR_GRP_CD_12,string,5000,0,0.0,5,02 | 01 | 00
carrier,BENE_ID,string,5000,0,0.0,38,-10000010254618 | -10000010254647 | -10000010254653
carrier,CLM_ID,string,5000,0,0.0,400,-10000930037915 | -10000930037916 | -10000930037917
carrier,NCH_NEAR_LINE_REC_IDENT_CD,string,5000,0,0.0,1,O
carrier,NCH_CLM_TYPE_CD,string,5000,0,0.0,1,71
carrier,CLM_FROM_DT,string,5000,0,0.0,383,28-Sep-2015 | 03-Oct-2016 | 09-Oct-2017
carrier,CLM_THRU_DT,string,5000,0,0.0,389,28-Sep-2015 | 03-Oct-2016 | 09-Oct-2017
carrier,NCH_WKLY_PROC_DT,string,5000,0,0.0,259,02-Oct-2015 | 07-Oct-2016 | 13-Oct-2017
carrier,CARR_CLM_ENTRY_CD,string,5000,0,0.0,1,1
carrier,CLM_DISP_CD,string,5000,0,0.0,1,1
carrier,CARR_NUM,string,5000,0,0.0,1,00510
carrier,CARR_CLM_PMT_DNL_CD,string,5000,0,0.0,1,1
carrier,CLM_PMT_AMT,string,5000,0,0.0,266,932.69 | 745.12 | 1040.54
carrier,CARR_CLM_PRMRY_PYR_PD_AMT,string,5000,0,0.0,44,0 | 0.00 | 922.88
carrier,RFR_PHYSN_UPIN,string,5000,4655,93.1,5,C73634 | 013962 | C19628
carrier,RFR_PHYSN_NPI,string,5000,0,0.0,47,9999971093 | 9999973990 | 9999958090
carrier,CARR_CLM_PRVDR_ASGNMT_IND_SW,string,5000,0,0.0,1,A
carrier,NCH_CLM_PRVDR_PMT_AMT,string,5000,0,0.0,266,932.69 | 745.12 | 1040.54
carrier,NCH_CLM_BENE_PMT_AMT,string,5000,0,0.0,1,0
carrier,NCH_CARR_CLM_SBMTD_CHRG_AMT,string,5000,0,0.0,230,1165.87 | 931.41 | 1300.68
carrier,NCH_CARR_CLM_ALOWD_AMT,string,5000,0,0.0,266,932.69 | 745.12 | 1040.54
carrier,CARR_CLM_CASH_DDCTBL_APLD_AMT,string,5000,0,0.0,43,0.00 | 233.00 | 224.91
carrier,CARR_CLM_HCPCS_YR_CD,string,5000,0,0.0,1,1
carrier,CARR_CLM_RFRNG_PIN_NUM,string,5000,4748,94.96,4,J232 | 5101080357 | C909
carrier,PRNCPAL_DGNS_CD,string,5000,0,0.0,19,R4689 | Z608 | T7432X
carrier,PRNCPAL_DGNS_VRSN_CD,string,5000,0,0.0,1,0
carrier,ICD_DGNS_CD1,string,5000,0,0.0,52,R4689 | Z591 | T7432X
carrier,ICD_DGNS_VRSN_CD1,string,5000,0,0.0,1,0
carrier,ICD_DGNS_CD2,string,5000,45,0.9,68,E781 | T7432X | M7918
carrier,ICD_DGNS_VRSN_CD2,string,5000,45,0.9,1,0
carrier,ICD_DGNS_CD3,string,5000,79,1.58,69,J329 | M7918 | E781
carrier,ICD_DGNS_VRSN_CD3,string,5000,79,1.58,1,0
carrier,ICD_DGNS_CD4,string,5000,208,4.16,68,E119 | E781 | J329
carrier,ICD_DGNS_VRSN_CD4,string,5000,208,4.16,1,0
carrier,ICD_DGNS_CD5,string,5000,316,6.32,72,D649 | J329 | E119
carrier,ICD_DGNS_VRSN_CD5,string,5000,316,6.32,1,0
carrier,ICD_DGNS_CD6,string,5000,398,7.96,69,E089 | E119 | D649
carrier,ICD_DGNS_VRSN_CD6,string,5000,398,7.96,1,0
carrier,ICD_DGNS_CD7,string,5000,486,9.72,61,B965 | D649 | E089
carrier,ICD_DGNS_VRSN_CD7,string,5000,486,9.72,1,0
carrier,ICD_DGNS_CD8,string,5000,655,13.1,60,E848 | N469 | E849
carrier,ICD_DGNS_VRSN_CD8,string,5000,655,13.1,1,0
carrier,ICD_DGNS_CD9,string,5000,740,14.8,56,E849 | B965 | E848
carrier,ICD_DGNS_VRSN_CD9,string,5000,740,14.8,1,0
carrier,ICD_DGNS_CD10,string,5000,808,16.16,54,E848 | E849 | D649
carrier,ICD_DGNS_VRSN_CD10,string,5000,808,16.16,1,0
carrier,ICD_DGNS_CD11,string,5000,1005,20.1,49,E849 | B965 | E089
carrier,ICD_DGNS_VRSN_CD11,string,5000,1005,20.1,1,0
carrier,ICD_DGNS_CD12,string,5000,1135,22.7,49,B965 | E848 | Z558
carrier,ICD_DGNS_VRSN_CD12,string,5000,1135,22.7,1,0
carrier,CLM_CLNCL_TRIL_NUM,string,5000,5000,100.0,0,
carrier,CARR_CLM_BLG_NPI_NUM,string,5000,0,0.0,47,1063654341 | 1407891336 | 1306240502
carrier,LINE_NUM,string,5000,0,0.0,24,1 | 2 | 3
carrier,CARR_PRFRNG_PIN_NUM,string,5000,4748,94.96,4,J232 | 5101080357 | C909
carrier,PRF_PHYSN_UPIN,string,5000,4655,93.1,5,C73634 | 013962 | C19628
carrier,PRF_PHYSN_NPI,string,5000,0,0.0,47,9999971093 | 9999973990 | 9999958090
carrier,ORG_NPI_NUM,string,5000,0,0.0,47,1063654341 | 1407891336 | 1306240502
carrier,CARR_LINE_PRVDR_TYPE_CD,string,5000,0,0.0,1,0
carrier,TAX_NUM,string,5000,0,0.0,47,999349929 | 999582886 | 999311711
carrier,PRVDR_STATE_CD,string,5000,0,0.0,1,AL
carrier,PRVDR_ZIP,string,5000,0,0.0,43,361162501 | 358162537 | 368048515
carrier,PRVDR_SPCLTY,string,5000,0,0.0,1,01
carrier,PRTCPTNG_IND_CD,string,5000,0,0.0,7,1 | 2 | 3
carrier,CARR_LINE_RDCD_PMT_PHYS_ASTN_C,string,5000,0,0.0,1,0
carrier,LINE_SRVC_CNT,string,5000,0,0.0,24,10 | 12 | 13
carrier,LINE_CMS_TYPE_SRVC_CD,string,5000,0,0.0,1,1
carrier,LINE_PLACE_OF_SRVC_CD,string,5000,0,0.0,1,11
carrier,CARR_LINE_PRCNG_LCLTY_CD,string,5000,0,0.0,1,1
carrier,LINE_1ST_EXPNS_DT,string,5000,0,0.0,383,28-Sep-2015 | 03-Oct-2016 | 09-Oct-2017
carrier,LINE_LAST_EXPNS_DT,string,5000,0,0.0,389,28-Sep-2015 | 03-Oct-2016 | 09-Oct-2017
carrier,HCPCS_CD,string,5000,3125,62.5,12,96127 | G0444 | G9573
carrier,HCPCS_1ST_MDFR_CD,string,5000,5000,100.0,0,
carrier,HCPCS_2ND_MDFR_CD,string,5000,5000,100.0,0,
carrier,BETOS_CD,string,5000,4165,83.3,3,Y1 | Z2 | M5B
carrier,LINE_NCH_PMT_AMT,string,5000,0,0.0,226,91.04 | 108.80 | 85.59
carrier,LINE_BENE_PMT_AMT,string,5000,0,0.0,1,0
carrier,LINE_PRVDR_PMT_AMT,string,5000,0,0.0,226,91.04 | 108.80 | 85.59
carrier,LINE_BENE_PTB_DDCTBL_AMT,string,5000,0,0.0,50,0.00 | 113.80 | 119.20
carrier,LINE_BENE_PRMRY_PYR_CD,string,5000,0,0.0,1, 
carrier,LINE_BENE_PRMRY_PYR_PD_AMT,string,5000,0,0.0,1,0
carrier,LINE_COINSRNC_AMT,string,5000,0,0.0,190,91.04 | 108.80 | 85.59
carrier,LINE_SBMTD_CHRG_AMT,string,5000,0,0.0,186,113.80 | 136.00 | 106.99
carrier,LINE_ALOWD_CHRG_AMT,string,5000,0,0.0,186,113.80 | 136.00 | 106.99
carrier,LINE_PRCSG_IND_CD,string,5000,0,0.0,1,A
carrier,LINE_PMT_80_100_CD,string,5000,5000,100.0,0,
carrier,LINE_SERVICE_DEDUCTIBLE,string,5000,5000,100.0,0,
carrier,CARR_LINE_MTUS_CNT,string,5000,0,0.0,36,29 | 16 | 56
carrier,CARR_LINE_MTUS_CD,string,5000,5000,100.0,0,
carrier,LINE_ICD_DGNS_CD,string,5000,2647,52.94,84,R4689 | D649 | Z591
carrier,LINE_ICD_DGNS_VRSN_CD,string,5000,0,0.0,1,0
carrier,HPSA_SCRCTY_IND_CD,string,5000,0,0.0,1, 
carrier,CARR_LINE_RX_NUM,string,5000,5000,100.0,0,
carrier,LINE_HCT_HGB_RSLT_NUM,string,5000,0,0.0,1,0.0
carrier,LINE_HCT_HGB_TYPE_CD,string,5000,0,0.0,1,R1
carrier,LINE_NDC_CD,string,5000,5000,100.0,0,
carrier,CARR_LINE_CLIA_LAB_NUM,string,5000,5000,100.0,0,
carrier,CARR_LINE_ANSTHSA_UNIT_CNT,string,5000,0,0.0,2,0 | 1
inpatient,BENE_ID,string,5000,0,0.0,430,-10000010254618 | -10000010254653 | -10000010254656
inpatient,CLM_ID,string,5000,0,0.0,1811,-10000930037831 | -10000930038030 | -10000930038031
inpatient,NCH_NEAR_LINE_REC_IDENT_CD,string,5000,0,0.0,1,V
inpatient,NCH_CLM_TYPE_CD,string,5000,0,0.0,1,60
inpatient,CLM_FROM_DT,string,5000,0,0.0,1372,25-Mar-2015 | 24-Sep-2015 | 09-May-2017
inpatient,CLM_THRU_DT,string,5000,0,0.0,1378,25-Mar-2015 | 24-Sep-2015 | 10-May-2017
inpatient,NCH_WKLY_PROC_DT,string,5000,0,0.0,415,27-Mar-2015 | 25-Sep-2015 | 12-May-2017
inpatient,FI_CLM_PROC_DT,string,5000,5000,100.0,0,
inpatient,CLAIM_QUERY_CODE,string,5000,0,0.0,1,3
inpatient,PRVDR_NUM,string,5000,98,1.96,387,011500 | 017129 | 010052
inpatient,CLM_FAC_TYPE_CD,string,5000,0,0.0,1,1
inpatient,CLM_SRVC_CLSFCTN_TYPE_CD,string,5000,0,0.0,1,1
inpatient,CLM_FREQ_CD,string,5000,0,0.0,1,1
inpatient,FI_NUM,string,5000,5000,100.0,0,
inpatient,CLM_MDCR_NON_PMT_RSN_CD,string,5000,0,0.0,1, 
inpatient,CLM_PMT_AMT,string,5000,0,0.0,911,96.65 | 6311.88 | 8545.72
inpatient,NCH_PRMRY_PYR_CLM_PD_AMT,string,5000,0,0.0,161,0 | 6276.88 | 979.85
inpatient,NCH_PRMRY_PYR_CD,string,5000,0,0.0,1, 
inpatient,FI_CLM_ACTN_CD,string,5000,5000,100.0,0,
inpatient,PRVDR_STATE_CD,string,5000,0,0.0,6,01 | 02 | 03
inpatient,ORG_NPI_NUM,string,5000,0,0.0,389,1578657367 | 1770717738 | 1598783904
inpatient,AT_PHYSN_UPIN,string,5000,0,0.0,1, 
inpatient,AT_PHYSN_NPI,string,5000,0,0.0,320,9999870899 | 9999877191 | 9999995399
inpatient,OP_PHYSN_UPIN,string,5000,0,0.0,1, 
inpatient,OP_PHYSN_NPI,string,5000,0,0.0,320,9999870899 | 9999877191 | 9999995399
inpatient,OT_PHYSN_UPIN,string,5000,5000,100.0,0,
inpatient,OT_PHYSN_NPI,string,5000,5000,100.0,0,
inpatient,CLM_MCO_PD_SW,string,5000,0,0.0,1,0
inpatient,PTNT_DSCHRG_STUS_CD,string,5000,0,0.0,1,1
inpatient,CLM_PPS_IND_CD,string,5000,0,0.0,1, 
inpatient,CLM_TOT_CHRG_AMT,string,5000,0,0.0,911,96.65 | 6311.88 | 8545.72
inpatient,CLM_ADMSN_DT,string,5000,0,0.0,1372,25-Mar-2015 | 24-Sep-2015 | 09-May-2017
inpatient,CLM_IP_ADMSN_TYPE_CD,string,5000,0,0.0,3,1 | 3 | 2
inpatient,CLM_SRC_IP_ADMSN_CD,string,5000,0,0.0,4,4 | 2 | 1
inpatient,NCH_PTNT_STATUS_IND_CD,string,5000,0,0.0,1,A
inpatient,CLM_PASS_THRU_PER_DIEM_AMT,string,5000,0,0.0,1,10
inpatient,NCH_BENE_IP_DDCTBL_AMT,string,5000,0,0.0,47,0.00 | 72.04 | 96.65
inpatient,NCH_BENE_PTA_COINSRNC_LBLTY_AM,string,5000,0,0.0,693,19.33 | 0.00 | 1709.14
inpatient,NCH_BENE_BLOOD_DDCTBL_LBLTY_AM,string,5000,0,0.0,1,0
inpatient,NCH_PROFNL_CMPNT_CHRG_AMT,string,5000,0,0.0,1,4
inpatient,NCH_IP_NCVRD_CHRG_AMT,string,5000,0,0.0,266,0.00 | 35.00 | 30.00
inpatient,NCH_IP_TOT_DDCTN_AMT,string,5000,0,0.0,266,0.00 | 35.00 | 30.00
inpatient,CLM_TOT_PPS_CPTL_AMT,string,5000,0,0.0,1,0
inpatient,CLM_PPS_CPTL_FSP_AMT,string,5000,0,0.0,1,0
inpatient,CLM_PPS_CPTL_OUTLIER_AMT,string,5000,0,0.0,1,0
inpatient,CLM_PPS_CPTL_DSPRPRTNT_SHR_AMT,string,5000,0,0.0,1,0
inpatient,CLM_PPS_CPTL_IME_AMT,string,5000,0,0.0,1,0
inpatient,CLM_PPS_CPTL_EXCPTN_AMT,string,5000,0,0.0,1,0
inpatient,CLM_PPS_OLD_CPTL_HLD_HRMLS_AMT,string,5000,0,0.0,1,0
inpatient,CLM_PPS_CPTL_DRG_WT_NUM,string,5000,0,0.0,1,0
inpatient,CLM_UTLZTN_DAY_CNT,string,5000,0,0.0,26,0 | 1 | 10
inpatient,BENE_TOT_COINSRNC_DAYS_CNT,string,5000,0,0.0,1,0
inpatient,BENE_LRD_USED_CNT,string,5000,0,0.0,1,0
inpatient,CLM_NON_UTLZTN_DAYS_CNT,string,5000,0,0.0,1,0
inpatient,NCH_BLOOD_PNTS_FRNSHD_QTY,string,5000,0,0.0,1,0
inpatient,NCH_VRFD_NCVRD_STAY_FROM_DT,string,5000,5000,100.0,0,
inpatient,NCH_VRFD_NCVRD_STAY_THRU_DT,string,5000,5000,100.0,0,
inpatient,NCH_ACTV_OR_CVRD_LVL_CARE_THRU,string,5000,5000,100.0,0,
inpatient,NCH_BENE_MDCR_BNFTS_EXHTD_DT_I,string,5000,5000,100.0,0,
inpatient,NCH_BENE_DSCHRG_DT,string,5000,0,0.0,1378,25-Mar-2015 | 24-Sep-2015 | 10-May-2017
inpatient,CLM_DRG_CD,string,5000,260,5.2,110,551 | 951 | 923
inpatient,CLM_DRG_OUTLIER_STAY_CD,string,5000,0,0.0,2,0 | 2
inpatient,NCH_DRG_OUTLIER_APRVD_PMT_AMT,string,5000,0,0.0,1,0
inpatient,ADMTG_DGNS_CD,string,5000,3887,77.74,49,Z3480 | Z3400 | R569
inpatient,PRNCPAL_DGNS_CD,string,5000,0,0.0,121,S134XX | Z3480 | T7432X
inpatient,ICD_DGNS_CD1,string,5000,0,0.0,135,S134XX | T7432X | S8290X
inpatient,CLM_POA_IND_SW1,string,5000,0,0.0,2,Y | N
inpatient,ICD_DGNS_CD2,string,5000,4,0.08,126,R4689 | E669 | G40909
inpatient,CLM_POA_IND_SW2,string,5000,4,0.08,2,Y | N
inpatient,ICD_DGNS_CD3,string,5000,15,0.3,121,E781 | C50919 | C50929
inpatient,CLM_POA_IND_SW3,string,5000,15,0.3,2,Y | N
inpatient,ICD_DGNS_CD4,string,5000,44,0.88,119,J329 | Z8669 | R569
inpatient,CLM_POA_IND_SW4,string,5000,44,0.88,2,Y | N
inpatient,ICD_DGNS_CD5,string,5000,82,1.64,122,E119 | Z8669 | G40909
inpatient,CLM_POA_IND_SW5,string,5000,82,1.64,2,Y | N
inpatient,ICD_DGNS_CD6,string,5000,121,2.42,123,D649 | P90 | K37
inpatient,CLM_POA_IND_SW6,string,5000,121,2.42,2,Y | N
inpatient,ICD_DGNS_CD7,string,5000,177,3.54,127,E849 | Z8669 | Z9049
inpatient,CLM_POA_IND_SW7,string,5000,177,3.54,2,Y | N
inpatient,ICD_DGNS_CD8,string,5000,251,5.02,118,B965 | R931 | I129
inpatient,CLM_POA_IND_SW8,string,5000,251,5.02,2,Y | N
inpatient,ICD_DGNS_CD9,string,5000,319,6.38,119,N469 | I259 | E1121
inpatient,CLM_POA_IND_SW9,string,5000,319,6.38,2,Y | N
inpatient,ICD_DGNS_CD10,string,5000,461,9.22,115,E849 | Z608 | I10
inpatient,CLM_POA_IND_SW10,string,5000,461,9.22,2,Y | N
inpatient,ICD_DGNS_CD11,string,5000,557,11.14,106,M169 | E669 | K37
inpatient,CLM_POA_IND_SW11,string,5000,557,11.14,2,Y | N
inpatient,ICD_DGNS_CD12,string,5000,710,14.2,102,D649 | K37 | Z9049
inpatient,CLM_POA_IND_SW12,string,5000,710,14.2,2,Y | N
inpatient,ICD_DGNS_CD13,string,5000,904,18.08,97,R7303 | Z9049 | K37
inpatient,CLM_POA_IND_SW13,string,5000,904,18.08,2,Y | N
inpatient,ICD_DGNS_CD14,string,5000,1043,20.86,92,J329 | Z9049 | G479
inpatient,CLM_POA_IND_SW14,string,5000,1043,20.86,2,Y | N
inpatient,ICD_DGNS_CD15,string,5000,1192,23.84,83,E669 | O039 | E781
inpatient,CLM_POA_IND_SW15,string,5000,1192,23.84,2,Y | N
inpatient,ICD_DGNS_CD16,string,5000,1353,27.06,77,Y0704 | Z560 | E119
inpatient,CLM_POA_IND_SW16,string,5000,1353,27.06,2,N | Y
inpatient,ICD_DGNS_CD17,string,5000,1589,31.78,81,R931 | I259 | E781
inpatient,CLM_POA_IND_SW17,string,5000,1589,31.78,2,Y | N
inpatient,ICD_DGNS_CD18,string,5000,1790,35.8,73,I259 | D649 | E119
inpatient,CLM_POA_IND_SW18,string,5000,1790,35.8,2,Y | N
inpatient,ICD_DGNS_CD19,string,5000,2086,41.72,58,D649 | E8881 | R931
inpatient,CLM_POA_IND_SW19,string,5000,2086,41.72,2,Y | N
inpatient,ICD_DGNS_CD20,string,5000,2290,45.8,56,E8881 | R7303 | I259
inpatient,CLM_POA_IND_SW20,string,5000,2290,45.8,2,Y | N
inpatient,ICD_DGNS_CD21,string,5000,2489,49.78,52,R7303 | Z653 | D649
inpatient,CLM_POA_IND_SW21,string,5000,2489,49.78,2,Y | N
inpatient,ICD_DGNS_CD22,string,5000,2740,54.8,45,Z653 | E669 | E8881
inpatient,CLM_POA_IND_SW22,string,5000,2740,54.8,2,Y | N
inpatient,ICD_DGNS_CD23,string,5000,2931,58.62,46,E669 | I10 | P292
inpatient,CLM_POA_IND_SW23,string,5000,2931,58.62,2,Y | N
inpatient,ICD_DGNS_CD24,string,5000,3084,61.68,36,P292 | O039 | Z653
inpatient,CLM_POA_IND_SW24,string,5000,3084,61.68,2,Y | N
inpatient,ICD_DGNS_CD25,string,5000,3206,64.12,28,O039 | Z9189 | R4689
inpatient,CLM_POA_IND_SW25,string,5000,3206,64.12,2,Y | N
inpatient,FST_DGNS_E_CD,string,5000,1235,24.7,70,V89 | X58 | Y07
inpatient,ICD_DGNS_E_CD1,string,5000,1235,24.7,59,Y93 | W19 | Y04
inpatient,CLM_E_POA_IND_SW1,string,5000,1235,24.7,2,Y | U
inpatient,ICD_DGNS_E_CD2,string,5000,0,0.0,1, 
inpatient,CLM_E_POA_IND_SW2,string,5000,0,0.0,1, 
inpatient,ICD_DGNS_E_CD3,string,5000,0,0.0,1, 
inpatient,CLM_E_POA_IND_SW3,string,5000,0,0.0,1, 
inpatient,ICD_DGNS_E_CD4,string,5000,0,0.0,1, 
inpatient,CLM_E_POA_IND_SW4,string,5000,0,0.0,1, 
inpatient,ICD_DGNS_E_CD5,string,5000,0,0.0,1, 
inpatient,CLM_E_POA_IND_SW5,string,5000,0,0.0,1, 
inpatient,ICD_DGNS_E_CD6,string,5000,0,0.0,1, 
inpatient,CLM_E_POA_IND_SW6,string,5000,0,0.0,1, 
inpatient,ICD_DGNS_E_CD7,string,5000,0,0.0,1, 
inpatient,CLM_E_POA_IND_SW7,string,5000,0,0.0,1, 
inpatient,ICD_DGNS_E_CD8,string,5000,0,0.0,1, 
inpatient,CLM_E_POA_IND_SW8,string,5000,0,0.0,1, 
inpatient,ICD_DGNS_E_CD9,string,5000,0,0.0,1, 
inpatient,CLM_E_POA_IND_SW9,string,5000,0,0.0,1, 
inpatient,ICD_DGNS_E_CD10,string,5000,0,0.0,1, 
inpatient,CLM_E_POA_IND_SW10,string,5000,0,0.0,1, 
inpatient,ICD_DGNS_E_CD11,string,5000,0,0.0,1, 
inpatient,CLM_E_POA_IND_SW11,string,5000,0,0.0,1, 
inpatient,ICD_DGNS_E_CD12,string,5000,0,0.0,1, 
inpatient,CLM_E_POA_IND_SW12,string,5000,0,0.0,1, 
inpatient,ICD_PRCDR_CD1,string,5000,749,14.98,52,Z5189 | S9091 | G40
inpatient,PRCDR_DT1,string,5000,749,14.98,909,09-May-2017 | 14-Jan-2017 | 21-Mar-2015
inpatient,ICD_PRCDR_CD2,string,5000,1033,20.66,34,T1490 | Z139 | F419
inpatient,PRCDR_DT2,string,5000,1033,20.66,714,14-Jan-2017 | 30-Apr-2021 | 12-Mar-2020
inpatient,ICD_PRCDR_CD3,string,5000,1448,28.96,18,M859 | Z1331 | Z9981
inpatient,PRCDR_DT3,string,5000,1448,28.96,581,30-Apr-2021 | 12-Mar-2020 | 21-May-2020
inpatient,ICD_PRCDR_CD4,string,5000,1794,35.88,13,Z1331 | Z9981 | Z9181
inpatient,PRCDR_DT4,string,5000,1794,35.88,484,12-Mar-2020 | 21-May-2020 | 13-Oct-2020
inpatient,ICD_PRCDR_CD5,string,5000,2224,44.48,11,F1990 | Z9981 | Z1331
inpatient,PRCDR_DT5,string,5000,2224,44.48,396,13-Mar-2020 | 21-May-2020 | 14-Oct-2020
inpatient,ICD_PRCDR_CD6,string,5000,2969,59.38,8,F109 | Z9981 | F1990
inpatient,PRCDR_DT6,string,5000,2969,59.38,263,13-Mar-2020 | 21-May-2020 | 15-Oct-2020
inpatient,ICD_PRCDR_CD7,string,5000,3684,73.68,8,Z9981 | F109 | Z1331
inpatient,PRCDR_DT7,string,5000,3684,73.68,152,16-Oct-2020 | 06-May-2021 | 04-Feb-2021
inpatient,ICD_PRCDR_CD8,string,5000,4266,85.32,7,Z9981 | F1990 | F109
inpatient,PRCDR_DT8,string,5000,4266,85.32,74,17-Oct-2020 | 05-Feb-2021 | 25-Aug-2021
inpatient,ICD_PRCDR_CD9,string,5000,4579,91.58,6,Z9981 | F109 | BW03ZZZ
inpatient,PRCDR_DT9,string,5000,4579,91.58,35,18-Oct-2020 | 06-Feb-2021 | 25-Aug-2021
inpatient,ICD_PRCDR_CD10,string,5000,4768,95.36,3,Z9981 | BW03ZZZ | F08H5ZZ
inpatient,PRCDR_DT10,string,5000,4768,95.36,16,19-Oct-2020 | 07-Feb-2021 | 19-Nov-2020
inpatient,ICD_PRCDR_CD11,string,5000,4768,95.36,3,Z9981 | BW03ZZZ | F08H5ZZ
inpatient,PRCDR_DT11,string,5000,4768,95.36,16,20-Oct-2020 | 08-Feb-2021 | 20-Nov-2020
inpatient,ICD_PRCDR_CD12,string,5000,4819,96.38,2,Z9981 | F08H5ZZ
inpatient,PRCDR_DT12,string,5000,4819,96.38,13,21-Oct-2020 | 09-Feb-2021 | 21-Nov-2020
inpatient,ICD_PRCDR_CD13,string,5000,4855,97.1,2,Z9981 | F08H5ZZ
inpatient,PRCDR_DT13,string,5000,4855,97.1,10,10-Feb-2021 | 22-Nov-2020 | 29-Nov-2020
inpatient,ICD_PRCDR_CD14,string,5000,4894,97.88,2,Z9981 | F08H5ZZ
inpatient,PRCDR_DT14,string,5000,4894,97.88,7,23-Nov-2020 | 30-Nov-2020 | 02-Jul-2020
inpatient,ICD_PRCDR_CD15,string,5000,4908,98.16,2,Z9981 | F08H5ZZ
inpatient,PRCDR_DT15,string,5000,4908,98.16,6,24-Nov-2020 | 01-Dec-2020 | 03-Jul-2020
inpatient,ICD_PRCDR_CD16,string,5000,4984,99.68,1,Z9981
inpatient,PRCDR_DT16,string,5000,4984,99.68,1,02-Dec-2020
inpatient,ICD_PRCDR_CD17,string,5000,5000,100.0,0,
inpatient,PRCDR_DT17,string,5000,5000,100.0,0,
inpatient,ICD_PRCDR_CD18,string,5000,5000,100.0,0,
inpatient,PRCDR_DT18,string,5000,5000,100.0,0,
inpatient,ICD_PRCDR_CD19,string,5000,5000,100.0,0,
inpatient,PRCDR_DT19,string,5000,5000,100.0,0,
inpatient,ICD_PRCDR_CD20,string,5000,5000,100.0,0,
inpatient,PRCDR_DT20,string,5000,5000,100.0,0,
inpatient,ICD_PRCDR_CD21,string,5000,5000,100.0,0,
inpatient,PRCDR_DT21,string,5000,5000,100.0,0,
inpatient,ICD_PRCDR_CD22,string,5000,5000,100.0,0,
inpatient,PRCDR_DT22,string,5000,5000,100.0,0,
inpatient,ICD_PRCDR_CD23,string,5000,5000,100.0,0,
inpatient,PRCDR_DT23,string,5000,5000,100.0,0,
inpatient,ICD_PRCDR_CD24,string,5000,5000,100.0,0,
inpatient,PRCDR_DT24,string,5000,5000,100.0,0,
inpatient,ICD_PRCDR_CD25,string,5000,5000,100.0,0,
inpatient,PRCDR_DT25,string,5000,5000,100.0,0,
inpatient,IME_OP_CLM_VAL_AMT,string,5000,0,0.0,1,0
inpatient,DSH_OP_CLM_VAL_AMT,string,5000,0,0.0,1,0
inpatient,CLM_UNCOMPD_CARE_PMT_AMT,string,5000,5000,100.0,0,
inpatient,CLM_LINE_NUM,string,5000,0,0.0,20,1 | 2 | 3
inpatient,REV_CNTR,string,5000,0,0.0,2,0450 | 0001
inpatient,HCPCS_CD,string,5000,0,0.0,72,99221 | 99024 | 73610
inpatient,REV_CNTR_DDCTBL_COINSRNC_CD,string,5000,695,13.9,4,3 | 2 | 1
outpatient,BENE_ID,string,5000,0,0.0,77,-10000010254618 | -10000010254647 | -10000010254653
outpatient,CLM_ID,string,5000,0,0.0,3739,-10000930037832 | -10000930037833 | -10000930037834
outpatient,NCH_NEAR_LINE_REC_IDENT_CD,string,5000,0,0.0,1,W
outpatient,NCH_CLM_TYPE_CD,string,5000,0,0.0,1,40
outpatient,CLM_FROM_DT,string,5000,0,0.0,2027,16-Mar-2015 | 27-Apr-2015 | 23-May-2015
outpatient,CLM_THRU_DT,string,5000,0,0.0,2011,16-Mar-2015 | 27-Apr-2015 | 23-May-2015
outpatient,NCH_WKLY_PROC_DT,string,5000,0,0.0,416,20-Mar-2015 | 01-May-2015 | 29-May-2015
outpatient,FI_CLM_PROC_DT,string,5000,5000,100.0,0,
outpatient,CLAIM_QUERY_CODE,string,5000,0,0.0,1,3
outpatient,PRVDR_NUM,string,5000,0,0.0,63,01S023 | 014018 | 010052
outpatient,CLM_FAC_TYPE_CD,string,5000,0,0.0,1,1
outpatient,CLM_SRVC_CLSFCTN_TYPE_CD,string,5000,0,0.0,1,3
outpatient,CLM_FREQ_CD,string,5000,0,0.0,1,1
outpatient,FI_NUM,string,5000,5000,100.0,0,
outpatient,CLM_MDCR_NON_PMT_RSN_CD,string,5000,0,0.0,1, 
outpatient,CLM_PMT_AMT,string,5000,0,0.0,2689,10224.89 | 11936.39 | 8674.15
outpatient,NCH_PRMRY_PYR_CLM_PD_AMT,string,5000,0,0.0,1640,0 | 0.00 | 984.37
outpatient,NCH_PRMRY_PYR_CD,string,5000,0,0.0,1, 
outpatient,PRVDR_STATE_CD,string,5000,0,0.0,1,01
outpatient,ORG_NPI_NUM,string,5000,0,0.0,63,1942394739 | 1225301823 | 1598783904
outpatient,AT_PHYSN_UPIN,string,5000,0,0.0,1, 
outpatient,AT_PHYSN_NPI,string,5000,0,0.0,63,9999995696 | 9999987891 | 9999995399
outpatient,OP_PHYSN_UPIN,string,5000,0,0.0,1, 
outpatient,OP_PHYSN_NPI,string,5000,0,0.0,63,9999995696 | 9999987891 | 9999995399
outpatient,OT_PHYSN_UPIN,string,5000,5000,100.0,0,
outpatient,OT_PHYSN_NPI,string,5000,5000,100.0,0,
outpatient,CLM_MCO_PD_SW,string,5000,0,0.0,1,0
outpatient,PTNT_DSCHRG_STUS_CD,string,5000,0,0.0,1,1
outpatient,CLM_TOT_CHRG_AMT,string,5000,0,0.0,2689,10224.89 | 11936.39 | 8674.15
outpatient,NCH_BENE_BLOOD_DDCTBL_LBLTY_AM,string,5000,0,0.0,1,0
outpatient,NCH_PROFNL_CMPNT_CHRG_AMT,string,5000,0,0.0,1,4
outpatient,PRNCPAL_DGNS_CD,string,5000,0,0.0,64,R4689 | B9789 | P292
outpatient,ICD_DGNS_CD1,string,5000,0,0.0,102,R4689 | S134XX | Z9189
outpatient,ICD_DGNS_CD2,string,5000,13,0.26,115,E781 | Z7289 | R4689
outpatient,ICD_DGNS_CD3,string,5000,27,0.54,105,J329 | E781 | E119
outpatient,ICD_DGNS_CD4,string,5000,50,1.0,102,E119 | J329 | D649
outpatient,ICD_DGNS_CD5,string,5000,139,2.78,103,D649 | E119 | E849
outpatient,ICD_DGNS_CD6,string,5000,179,3.58,104,E849 | D649 | E089
outpatient,ICD_DGNS_CD7,string,5000,218,4.36,97,B965 | E849 | E089
outpatient,ICD_DGNS_CD8,string,5000,255,5.1,93,E848 | B965 | N469
outpatient,ICD_DGNS_CD9,string,5000,273,5.46,83,E849 | E848 | N469
outpatient,ICD_DGNS_CD10,string,5000,352,7.04,83,E849 | E848 | N469
outpatient,ICD_DGNS_CD11,string,5000,438,8.76,77,E849 | E089 | B965
outpatient,ICD_DGNS_CD12,string,5000,497,9.94,65,B965 | E848 | N469
outpatient,ICD_DGNS_CD13,string,5000,687,13.74,55,E848 | N469 | E849
outpatient,ICD_DGNS_CD14,string,5000,966,19.32,56,E849 | E669 | J329
outpatient,ICD_DGNS_CD15,string,5000,1303,26.06,54,T7412X | E669 | J329
outpatient,ICD_DGNS_CD16,string,5000,1512,30.24,47,Y0704 | T7421X | E669
outpatient,ICD_DGNS_CD17,string,5000,1682,33.64,49,T7432X | T7431X | E669
outpatient,ICD_DGNS_CD18,string,5000,1921,38.42,40,K37 | E8881 | D649
outpatient,ICD_DGNS_CD19,string,5000,2029,40.58,41,Z9049 | R7303 | E8881
outpatient,ICD_DGNS_CD20,string,5000,2958,59.16,32,Z653 | R7303 | E669
outpatient,ICD_DGNS_CD21,string,5000,3492,69.84,32,E669 | Z653 | P292
outpatient,ICD_DGNS_CD22,string,5000,3558,71.16,19,P292 | E669 | I10
outpatient,ICD_DGNS_CD23,string,5000,3589,71.78,17,O039 | I10 | P292
outpatient,ICD_DGNS_CD24,string,5000,3712,74.24,13,R4689 | O039 | Z7289
outpatient,ICD_DGNS_CD25,string,5000,3956,79.12,11,Z7289 | Z9189 | R4689
outpatient,FST_DGNS_E_CD,string,5000,516,10.32,64,W01 | W19 | Y04
outpatient,ICD_DGNS_E_CD1,string,5000,516,10.32,64,X58 | W19 | W22
outpatient,ICD_DGNS_E_CD2,string,5000,0,0.0,1, 
outpatient,ICD_DGNS_E_CD3,string,5000,0,0.0,1, 
outpatient,ICD_DGNS_E_CD4,string,5000,0,0.0,1, 
outpatient,ICD_DGNS_E_CD5,string,5000,0,0.0,1, 
outpatient,ICD_DGNS_E_CD6,string,5000,0,0.0,1, 
outpatient,ICD_DGNS_E_CD7,string,5000,0,0.0,1, 
outpatient,ICD_DGNS_E_CD8,string,5000,0,0.0,1, 
outpatient,ICD_DGNS_E_CD9,string,5000,0,0.0,1, 
outpatient,ICD_DGNS_E_CD10,string,5000,0,0.0,1, 
outpatient,ICD_DGNS_E_CD11,string,5000,0,0.0,1, 
outpatient,ICD_DGNS_E_CD12,string,5000,0,0.0,1, 
outpatient,ICD_PRCDR_CD1,string,5000,166,3.32,88,BW03ZZZ | Z5189 | Z000
outpatient,PRCDR_DT1,string,5000,166,3.32,1862,27-May-2017 | 23-Sep-2017 | 26-Sep-2017
outpatient,ICD_PRCDR_CD2,string,5000,1331,26.62,17,Z139 | 0JHM3HZ | F419
outpatient,PRCDR_DT2,string,5000,1331,26.62,278,02-May-2019 | 07-May-2020 | 09-Dec-2017
outpatient,ICD_PRCDR_CD3,string,5000,1360,27.2,10,Z139 | K635 | Z9181
outpatient,PRCDR_DT3,string,5000,1360,27.2,234,09-Dec-2017 | 30-Dec-2022 | 02-May-2019
outpatient,ICD_PRCDR_CD4,string,5000,1502,30.04,7,Z1331 | Z139 | F419
outpatient,PRCDR_DT4,string,5000,1502,30.04,212,02-May-2019 | 23-Apr-2020 | 11-May-2015
outpatient,ICD_PRCDR_CD5,string,5000,1510,30.2,6,Z1331 | Z9181 | F1990
outpatient,PRCDR_DT5,string,5000,1510,30.2,182,02-May-2019 | 23-Apr-2020 | 11-May-2015
outpatient,ICD_PRCDR_CD6,string,5000,1684,33.68,4,F1990 | Z1331 | F109
outpatient,PRCDR_DT6,string,5000,1684,33.68,138,02-May-2019 | 23-Apr-2020 | 11-May-2015
outpatient,ICD_PRCDR_CD7,string,5000,2285,45.7,4,F109 | Z715 | Z1331
outpatient,PRCDR_DT7,string,5000,2285,45.7,81,02-May-2019 | 23-Apr-2020 | 11-May-2015
outpatient,ICD_PRCDR_CD8,string,5000,3462,69.24,3,F1990 | Z715 | F109
outpatient,PRCDR_DT8,string,5000,3462,69.24,34,11-May-2015 | 20-Jul-2015 | 27-Nov-2017
outpatient,ICD_PRCDR_CD9,string,5000,4692,93.84,2,Z715 | F109
outpatient,PRCDR_DT9,string,5000,4692,93.84,9,11-May-2015 | 20-Jul-2015 | 27-Nov-2017
outpatient,ICD_PRCDR_CD10,string,5000,5000,100.0,0,
outpatient,PRCDR_DT10,string,5000,5000,100.0,0,
outpatient,ICD_PRCDR_CD11,string,5000,5000,100.0,0,
outpatient,PRCDR_DT11,string,5000,5000,100.0,0,
outpatient,ICD_PRCDR_CD12,string,5000,5000,100.0,0,
outpatient,PRCDR_DT12,string,5000,5000,100.0,0,
outpatient,ICD_PRCDR_CD13,string,5000,5000,100.0,0,
outpatient,PRCDR_DT13,string,5000,5000,100.0,0,
outpatient,ICD_PRCDR_CD14,string,5000,5000,100.0,0,
outpatient,PRCDR_DT14,string,5000,5000,100.0,0,
outpatient,ICD_PRCDR_CD15,string,5000,5000,100.0,0,
outpatient,PRCDR_DT15,string,5000,5000,100.0,0,
outpatient,ICD_PRCDR_CD16,string,5000,5000,100.0,0,
outpatient,PRCDR_DT16,string,5000,5000,100.0,0,
outpatient,ICD_PRCDR_CD17,string,5000,5000,100.0,0,
outpatient,PRCDR_DT17,string,5000,5000,100.0,0,
outpatient,ICD_PRCDR_CD18,string,5000,5000,100.0,0,
outpatient,PRCDR_DT18,string,5000,5000,100.0,0,
outpatient,ICD_PRCDR_CD19,string,5000,5000,100.0,0,
outpatient,PRCDR_DT19,string,5000,5000,100.0,0,
outpatient,ICD_PRCDR_CD20,string,5000,5000,100.0,0,
outpatient,PRCDR_DT20,string,5000,5000,100.0,0,
outpatient,ICD_PRCDR_CD21,string,5000,5000,100.0,0,
outpatient,PRCDR_DT21,string,5000,5000,100.0,0,
outpatient,ICD_PRCDR_CD22,string,5000,5000,100.0,0,
outpatient,PRCDR_DT22,string,5000,5000,100.0,0,
outpatient,ICD_PRCDR_CD23,string,5000,5000,100.0,0,
outpatient,PRCDR_DT23,string,5000,5000,100.0,0,
outpatient,ICD_PRCDR_CD24,string,5000,5000,100.0,0,
outpatient,PRCDR_DT24,string,5000,5000,100.0,0,
outpatient,ICD_PRCDR_CD25,string,5000,5000,100.0,0,
outpatient,PRCDR_DT25,string,5000,5000,100.0,0,
outpatient,RSN_VISIT_CD1,string,5000,5000,100.0,0,
outpatient,RSN_VISIT_CD2,string,5000,5000,100.0,0,
outpatient,RSN_VISIT_CD3,string,5000,5000,100.0,0,
outpatient,NCH_BENE_PTB_DDCTBL_AMT,string,5000,0,0.0,66,0.00 | 233.00 | 232.99
outpatient,NCH_BENE_PTB_COINSRNC_AMT,string,5000,0,0.0,3,20 | 0 | 10
outpatient,CLM_OP_PRVDR_PMT_AMT,string,5000,0,0.0,2689,10224.89 | 11936.39 | 8674.15
outpatient,CLM_OP_BENE_PMT_AMT,string,5000,0,0.0,1,0
outpatient,CLM_LINE_NUM,string,5000,0,0.0,9,1 | 2 | 3
outpatient,REV_CNTR,string,5000,0,0.0,2,0001 | 0780
outpatient,REV_CNTR_DT,string,5000,0,0.0,2031,16-Mar-2015 | 27-Apr-2015 | 23-May-2015
outpatient,REV_CNTR_1ST_ANSI_CD,string,5000,5000,100.0,0,
outpatient,REV_CNTR_2ND_ANSI_CD,string,5000,5000,100.0,0,
outpatient,REV_CNTR_3RD_ANSI_CD,string,5000,5000,100.0,0,
outpatient,REV_CNTR_4TH_ANSI_CD,string,5000,5000,100.0,0,
outpatient,REV_CNTR_APC_HIPPS_CD,string,5000,5000,100.0,0,
outpatient,HCPCS_CD,string,5000,0,0.0,57,99241 | 94010 | 71046
outpatient,HCPCS_1ST_MDFR_CD,string,5000,5000,100.0,0,
outpatient,HCPCS_2ND_MDFR_CD,string,5000,5000,100.0,0,
outpatient,REV_CNTR_PMT_MTHD_IND_CD,string,5000,0,0.0,1,4
outpatient,REV_CNTR_DSCNT_IND_CD,string,5000,5000,100.0,0,
outpatient,REV_CNTR_PACKG_IND_CD,string,5000,5000,100.0,0,
outpatient,REV_CNTR_OTAF_PMT_CD,string,5000,5000,100.0,0,
outpatient,REV_CNTR_IDE_NDC_UPC_NUM,string,5000,5000,100.0,0,
outpatient,REV_CNTR_UNIT_CNT,string,5000,0,0.0,1,1
outpatient,REV_CNTR_RATE_AMT,string,5000,138,2.76,2548,192.67 | 396.03 | 290.48
outpatient,REV_CNTR_BLOOD_DDCTBL_AMT,string,5000,0,0.0,1,0
outpatient,REV_CNTR_CASH_DDCTBL_AMT,string,5000,0,0.0,66,0.00 | 233.00 | 232.99
outpatient,REV_CNTR_COINSRNC_WGE_ADJSTD_C,string,5000,0,0.0,979,2044.97 | 2387.27 | 1734.83
outpatient,REV_CNTR_RDCD_COINSRNC_AMT,string,5000,0,0.0,979,2044.97 | 2387.27 | 1734.83
outpatient,REV_CNTR_1ST_MSP_PD_AMT,string,5000,0,0.0,1,0
outpatient,REV_CNTR_2ND_MSP_PD_AMT,string,5000,0,0.0,1,0
outpatient,REV_CNTR_PRVDR_PMT_AMT,string,5000,0,0.0,2689,10224.89 | 11936.39 | 8674.15
outpatient,REV_CNTR_BENE_PMT_AMT,string,5000,0,0.0,1,0
outpatient,REV_CNTR_PTNT_RSPNSBLTY_PMT,string,5000,0,0.0,1026,2044.97 | 2387.27 | 1734.83
outpatient,REV_CNTR_PMT_AMT_AMT,string,5000,0,0.0,2656,10224.89 | 11936.39 | 8674.15
outpatient,REV_CNTR_TOT_CHRG_AMT,string,5000,0,0.0,2704,8179.92 | 9549.12 | 6939.32
outpatient,REV_CNTR_NCVRD_CHRG_AMT,string,5000,0,0.0,269,0.00 | 233.00 | 60.70
outpatient,REV_CNTR_STUS_IND_CD,string,5000,0,0.0,1,4
outpatient,REV_CNTR_NDC_QTY,string,5000,5000,100.0,0,
outpatient,REV_CNTR_NDC_QTY_QLFR_CD,string,5000,5000,100.0,0,
outpatient,RNDRNG_PHYSN_UPIN,string,5000,0,0.0,1, 
outpatient,RNDRNG_PHYSN_NPI,string,5000,0,0.0,63,9999995696 | 9999987891 | 9999995399
