"Name","Extension","Size_Bytes","Size_MB","LastWriteTime","FullName"
"beneficiary_2015.csv",".csv","3301538","3.15","04-04-2023 4.38.50 PM","C:\health-insurance-claims-intelligence\data\raw\cms_synthetic_claims\extracted\beneficiary_2015.csv"
"beneficiary_2016.csv",".csv","3470693","3.31","04-04-2023 4.38.50 PM","C:\health-insurance-claims-intelligence\data\raw\cms_synthetic_claims\extracted\beneficiary_2016.csv"
"beneficiary_2017.csv",".csv","3653822","3.48","04-04-2023 4.38.50 PM","C:\health-insurance-claims-intelligence\data\raw\cms_synthetic_claims\extracted\beneficiary_2017.csv"
"beneficiary_2018.csv",".csv","3869146","3.69","04-04-2023 4.38.52 PM","C:\health-insurance-claims-intelligence\data\raw\cms_synthetic_claims\extracted\beneficiary_2018.csv"
"beneficiary_2019.csv",".csv","4113582","3.92","04-04-2023 4.38.52 PM","C:\health-insurance-claims-intelligence\data\raw\cms_synthetic_claims\extracted\beneficiary_2019.csv"
"beneficiary_2020.csv",".csv","4334284","4.13","04-04-2023 4.38.52 PM","C:\health-insurance-claims-intelligence\data\raw\cms_synthetic_claims\extracted\beneficiary_2020.csv"
"beneficiary_2021.csv",".csv","4555948","4.34","04-04-2023 4.38.52 PM","C:\health-insurance-claims-intelligence\data\raw\cms_synthetic_claims\extracted\beneficiary_2021.csv"
"beneficiary_2022.csv",".csv","4786377","4.56","04-04-2023 4.38.50 PM","C:\health-insurance-claims-intelligence\data\raw\cms_synthetic_claims\extracted\beneficiary_2022.csv"
"beneficiary_2023.csv",".csv","5071317","4.84","04-04-2023 4.38.50 PM","C:\health-insurance-claims-intelligence\data\raw\cms_synthetic_claims\extracted\beneficiary_2023.csv"
"beneficiary_2024.csv",".csv","5336856","5.09","04-04-2023 4.38.52 PM","C:\health-insurance-claims-intelligence\data\raw\cms_synthetic_claims\extracted\beneficiary_2024.csv"
"beneficiary_2025.csv",".csv","3319815","3.17","04-04-2023 4.38.52 PM","C:\health-insurance-claims-intelligence\data\raw\cms_synthetic_claims\extracted\beneficiary_2025.csv"
"carrier.csv",".csv","465206566","443.66","04-04-2023 4.39.14 PM","C:\health-insurance-claims-intelligence\data\raw\cms_synthetic_claims\extracted\carrier.csv"
"inpatient.csv",".csv","35534745","33.89","14-07-2026 6.38.40 PM","C:\health-insurance-claims-intelligence\data\raw\cms_synthetic_claims\extracted\inpatient.csv"
"outpatient.csv",".csv","335634219","320.09","04-04-2023 4.39.38 PM","C:\health-insurance-claims-intelligence\data\raw\cms_synthetic_claims\extracted\outpatient.csv"
