column_name,pandas_dtype,row_count,non_null_count,null_count,unique_count,sample_value
CLAIM_KEY,object,514225,514225,0,514225,CARRIER--10000930037915
CLAIM_ID,string,514225,514225,0,514225,-10000930037915
CLAIM_TYPE,string,514225,514225,0,3,CARRIER
BENE_ID,string,514225,514225,0,8715,-10000010254618
POLICY_ID,string,514225,514225,0,8715,POL--10000010254618
PLAN_ID,object,514225,514225,0,3,PLAN_PREMIUM
PRIMARY_PROVIDER_ID,string,514225,514225,0,13136,1063654341
CLAIM_FROM_DATE,datetime64[us],514225,514225,0,2922,2015-09-28 00:00:00
CLAIM_THRU_DATE,datetime64[us],514225,514225,0,2919,2015-09-28 00:00:00
SUBMISSION_DATE,datetime64[us],514225,514225,0,2925,2015-09-28 00:00:00
DECISION_DATE,datetime64[us],514225,442817,71408,2936,2015-09-30 00:00:00
PAYMENT_DATE,datetime64[us],514225,363841,150384,2940,2015-10-02 00:00:00
CLAIM_STATUS,object,514225,514225,0,5,APPROVED
DENIAL_REASON,string,514225,38672,475553,4,POLICY_INACTIVE
PAYMENT_STATUS,object,514225,514225,0,4,PAID
DOCUMENTS_COMPLETE_FLAG,bool,514225,514225,0,2,True
POLICY_ACTIVE_FLAG,bool,514225,514225,0,2,True
TREATMENT_COVERED_FLAG,bool,514225,514225,0,2,True
WAITING_PERIOD_FLAG,bool,514225,514225,0,2,False
PREAUTH_REQUIRED_FLAG,bool,514225,514225,0,2,False
PREAUTH_STATUS,object,514225,514225,0,4,NOT_REQUIRED
BILLED_AMOUNT,Float64,514225,514225,0,159810,1165.87
ELIGIBLE_AMOUNT,Float64,514225,514225,0,174674,1027.96
DEDUCTIBLE_AMOUNT,Float64,514225,514225,0,36534,10.28
COPAY_AMOUNT,Float64,514225,514225,0,53489,50.88
NON_PAYABLE_AMOUNT,Float64,514225,514225,0,98071,137.91
ADJUSTMENT_AMOUNT,float64,514225,514225,0,35583,1.87
APPROVED_AMOUNT,Float64,514225,514225,0,138825,964.93
PAID_AMOUNT,Float64,514225,514225,0,132568,952.04
SOURCE_CMS_PAYMENT_AMOUNT,Float64,514225,514225,0,155990,932.69
TURNAROUND_DAYS,int64,514225,514225,0,2937,2
SLA_TARGET_DAYS,Int64,514225,514225,0,3,7
SLA_BREACH_FLAG,boolean,514225,514225,0,2,False
MANUAL_REVIEW_FLAG,bool,514225,514225,0,2,False
DUPLICATE_INDICATOR,bool,514225,514225,0,2,False
HIGH_COST_FLAG,boolean,514225,514225,0,2,False
PROVIDER_RISK_SCORE,float64,514225,514225,0,1000,0.092
FRAUD_ALERT_FLAG,bool,514225,514225,0,2,False
ESTIMATED_LEAKAGE_AMOUNT,float64,514225,514225,0,22625,0.0
REVIEW_PRIORITY,object,514225,514225,0,4,LOW
QUEUE_NAME,object,514225,514225,0,4,CLOSED
ADJUSTER_ID,object,514225,514225,0,30,ADJ-006
ANALYSIS_DATE,datetime64[us],514225,514225,0,1,2023-04-23 00:00:00
DATA_PROVENANCE,object,514225,514225,0,1,PROJECT_SYNTHETIC
